DELETE FROM client_documents;
DELETE FROM client;
DELETE FROM address;
DELETE FROM client;
DELETE FROM passport_data;

-- Address
INSERT INTO address (id, country, city, street, house, hull, flat, post_code, update_date)
VALUES
    ('123e4567-e89b-12d3-a456-426614174000', 'Россия', 'Москва', 'Моршака', '56', '34', '45', '880110', '2024-12-12T00:00:00Z'),
    ('222e4567-e89b-12d3-a456-426614174002', 'Россия', 'Москва', 'Проспект строителей', '45', '45', '56', '670110', '2024-11-12T00:00:00Z'),
    ('242e4567-e89b-12d3-a456-426614174004', 'Россия', 'Казань', 'Лунная', '44', '5', '76', '129110', '2024-10-12T00:00:00Z'),
    ('333e4567-e89b-12d3-a456-426614174006', 'Россия', 'Казань', 'Ленина', '12', '56', '53', '180110', '2024-11-11T00:00:00Z'),
    ('444e4567-e89b-12d3-a456-426614174008', 'Россия', 'Воронеж', 'Жукова', '78', '12', '32', '780110', '2024-12-09T00:00:00Z'),
    ('555e4567-e89b-12d3-a456-426614174010', 'Россия', 'Саратов', 'Проспект им. Кирова', '11', '16', '25', '340110', '2022-12-12T00:00:00Z');

-- Passport Data
INSERT INTO passport_data (id, passport_number, issued_by, issued_date, department_code, birth_date, update_date)
VALUES
    ('789e4567-e89b-12d3-a456-426614174000', '4046789', 'УФМС России по какой-нибудь области', '2020-12-12T00:00:00Z', '809', '1970-12-11T00:00:00Z', '2023-01-20T14:30:00Z'),
    ('719e4567-e89b-12d3-a456-426614174002', '2346789', 'УФМС России по какой-нибудь области', '2019-12-12T00:00:00Z', '678', '1998-10-11T00:00:00Z', '2023-01-21T14:30:00Z'),
    ('766e4567-e89b-12d3-a456-426614174004', '1116789', 'УФМС России по какой-нибудь области', '2020-10-02T00:00:00Z', '345', '1991-02-11T00:00:00Z', '2023-03-21T14:30:00Z'),
    ('349e4567-e89b-12d3-a456-426614174006', '1236789', 'УФМС России по какой-нибудь области', '2019-12-12T00:00:00Z', '678', '1989-12-11T00:00:00Z', '2023-07-22T14:30:00Z'),
    ('129e4567-e89b-12d3-a456-426614174008', '5676789', 'УФМС России по какой-нибудь области', '2017-12-12T00:00:00Z', '889', '1978-12-07T00:00:00Z', '2022-07-24T14:30:00Z'),
    ('119e4567-e89b-12d3-a456-426614174010', '7896789', 'УФМС России по какой-нибудь области', '2018-12-12T00:00:00Z', '812', '1988-11-11T00:00:00Z', '2021-07-24T14:30:00Z');

-- Client
INSERT INTO client (id, passport_id, first_name, last_name, middle_name, create_date, update_date, mobile_phone, address_registration_id, address_actual_id)
VALUES
    ('777e4567-e89b-12d3-a456-426614174000', '789e4567-e89b-12d3-a456-426614174000', 'Дарья', 'Васильева', 'Петровна', '2023-06-24T14:30:00Z', '2023-07-24T14:30:00Z', '79997809037', '123e4567-e89b-12d3-a456-426614174000', '123e4567-e89b-12d3-a456-426614174000'),
    ('888e4567-e89b-12d3-a456-426614174002', '719e4567-e89b-12d3-a456-426614174002', 'Василиса', 'Костюшкина', 'Викторовна', '2023-06-24T14:30:00Z', '2023-07-24T14:30:00Z', '79957809084', '222e4567-e89b-12d3-a456-426614174002', '222e4567-e89b-12d3-a456-426614174002'),
    ('999e4567-e89b-12d3-a456-426614174004', '766e4567-e89b-12d3-a456-426614174004', 'Арина', 'Мамаева', 'Владиславовна', '2023-06-23T14:30:00Z', '2023-07-24T14:30:00Z', '79957809082', '242e4567-e89b-12d3-a456-426614174004', '242e4567-e89b-12d3-a456-426614174004'),
    ('111e4567-e89b-12d3-a456-426614174006', '349e4567-e89b-12d3-a456-426614174006', 'Сергей', 'Жуков', 'Викторович', '2023-02-24T14:30:00Z', '2023-03-24T14:30:00Z', '79997999081', '333e4567-e89b-12d3-a456-426614174006', '333e4567-e89b-12d3-a456-426614174006'),
    ('222e4567-e89b-12d3-a456-426614174008', '129e4567-e89b-12d3-a456-426614174008', 'Денис', 'Привезенцев', 'Игоревич', '2022-06-24T14:30:00Z', '2023-07-24T14:30:00Z', '79997459082', '444e4567-e89b-12d3-a456-426614174008', '444e4567-e89b-12d3-a456-426614174008'),
    ('333e4567-e89b-12d3-a456-426614174010', '119e4567-e89b-12d3-a456-426614174010', 'Александр', 'Кузьмин', 'Сергеевич', '2023-06-20T14:30:00Z', '2023-07-21T14:30:00Z', '79997709089', '555e4567-e89b-12d3-a456-426614174010', '555e4567-e89b-12d3-a456-426614174010');

-- Client Documents
INSERT INTO client_documents (id, client_id, type, version, file_data, upload_date)
VALUES
    ('b664fb30-dd47-4e66-a2b2-86d16d6b65a6', '777e4567-e89b-12d3-a456-426614174000', 'passport', 1, '\x5468697320697320616e206578616d706c6520746578742066696c65', '2023-07-21T14:30:00Z'),
    ('9f92e2f9-1637-44c1-a299-3232bcb2ab2b', '888e4567-e89b-12d3-a456-426614174002', 'passport', 1, '\x5468697320697320616e206578616d706c6520746578742066696c65', '2023-07-21T14:30:00Z'),
    ('35b0d2cc-7e54-4d19-b463-4b7c6325c573', '999e4567-e89b-12d3-a456-426614174004', 'passport', 1, '\x5468697320697320616e206578616d706c6520746578742066696c65', '2023-07-21T14:30:00Z'),
    ('6e9dc93b-587a-4f6d-90b7-c51d8732c8cc', '111e4567-e89b-12d3-a456-426614174006', 'passport', 1, '\x5468697320697320616e206578616d706c6520746578742066696c65', '2023-07-21T14:30:00Z'),
    ('36019213-47d8-4105-ada0-f65f7fac3809', '222e4567-e89b-12d3-a456-426614174008', 'passport', 1, '\x5468697320697320616e206578616d706c6520746578742066696c65', '2023-07-21T14:30:00Z'),
    ('87a9e71d-d058-4119-a6c5-573c9286df30', '333e4567-e89b-12d3-a456-426614174010', 'passport', 1, '\x5468697320697320616e206578616d706c6520746578742066696c65', '2023-07-21T14:30:00Z');

-- User Profile
INSERT INTO user_profile (id, client_id, email, update_date, create_date, password, authorization_pin)
VALUES
    ('777e4567-e89b-12d3-a456-426614174000', '777e4567-e89b-12d3-a456-426614174000', 'pochtamr@gmail.com', '2023-07-24T00:00:00Z', '2022-07-24T00:00:00Z', 'JGPlgw5ARmG7OZlGu7XQ3ejumD8OsM10TTJscBh8vIUB7FiRgzL1q', '5678'),
    ('590e2878-e89b-12d3-a456-345614124002', '888e4567-e89b-12d3-a456-426614174002', 'memoryresolv@gmail.com', '2022-02-24T00:00:00Z', '2021-07-24T00:00:00Z', 'unBLtdIjT3iIoajoOsrpbO7fLtaNDVf6M8zVa7pNrzaXlCFDFWZqG', '4578'),
    ('389e2878-e23b-12d3-a456-345614124002', '999e4567-e89b-12d3-a456-426614174004', 'violettochka@gmail.com', '2024-01-24T00:00:00Z', '2022-03-21T00:00:00Z', '83KCvLxrl9wo2GTvVR7ouex2mzFwFyT3L90TLi0qjmxTR5W97RMxK', '8934'),
    ('590e2878-e56b-12d3-a456-345614124002', '111e4567-e89b-12d3-a456-426614174006', 'asdtyi@gmail.com', '2023-08-24T00:00:00Z', '2023-07-21T00:00:00Z', 'a9Jvn91ChnyM9mkByBs7muSodOnb7aOmjHAZe0ayjyG9VkglSXxNC', '7856'),
    ('678e2878-e10b-12d3-a456-145614124002', '222e4567-e89b-12d3-a456-426614174008', 'refresk@gmail.com', '2022-02-20T00:00:00Z', '2020-05-24T00:00:00Z', '02O5O64hcTag7rJ0F79e0.wxXdVRtX/U9zyPNhf/kSQPaS5..icku', '9090'),
    ('222e2878-e11b-12d3-a456-545614124002', '333e4567-e89b-12d3-a456-426614174010', 'olegm@gmail.com', '2024-03-23T00:00:00Z', '2023-07-29T00:00:00Z', 'hyO98%HYT67', '7890');